GEOID,coords,duration,geometry
17031070103,"[41.92681098246037, -87.64260515425376]",20.0,"POLYGON ((-87.64242729999999 41.93895939999999, -87.63676289999999 41.93561769999999, -87.6297721 41.9228663, -87.63354199999999 41.9153611, -87.6423317 41.9146282, -87.64994 41.917647, -87.65446709999999 41.9213668, -87.65825439999999 41.9267525, -87.65533809999999 41.9320696, -87.65836419999999 41.9435601, -87.6505629 41.9373745, -87.64242729999999 41.93895939999999))"
17031030701,"[41.982745288792074, -87.65796585953574]",20.0,"POLYGON ((-87.6549625 41.9966424, -87.6549625 41.9966424, -87.650235 41.978176, -87.6451957 41.968775, -87.65046219999999 41.9717221, -87.65777779999999 41.96750309999999, -87.66503179999999 41.9736143, -87.67025090000001 41.9773489, -87.67422309999999 41.9827653, -87.6720041 41.9889259, -87.66627799999999 41.993291, -87.65803 41.99763799999999, -87.6549625 41.9966424))"
17031030101,"[41.99127066339627, -87.65466774456512]",20.0,"POLYGON ((-87.650235 41.978176, -87.65212179999999 41.9818584, -87.6542779 41.9763945, -87.66130199999999 41.9817782, -87.66687739999999 41.98605999999999, -87.67098799999999 41.991034, -87.66553979999999 41.9956627, -87.662995 42.002016, -87.65698 42.002285, -87.6566102 42.0013306, -87.65579939999999 41.9989146, -87.650235 41.978176))"
17031770602,"[42.01239439608563, -87.90448800704867]",20.0,"POLYGON ((-87.8975512 42.0210953, -87.8933316 42.017146, -87.8943202 42.0129263, -87.89241269999999 42.0075886, -87.89407949999999 42.0031817, -87.8997177 42.0077101, -87.9041309 42.0064003, -87.9084869 42.005223, -87.9174252 42.00857449999999, -87.916873 42.018935, -87.9100321 42.0238382, -87.90528809999999 42.0272097, -87.8975512 42.0210953))"
17031838800,"[41.683489334657295, -87.57230614475587]",20.0,"POLYGON ((-87.57060369999999 41.711636, -87.56944249999999 41.7102283, -87.56813849999999 41.7073099, -87.56393989999999 41.6845899, -87.5603077 41.6737607, -87.57237579999999 41.6736264, -87.57688870000001 41.6735544, -87.57688870000001 41.6735544, -87.57636669999999 41.684264, -87.57653569999999 41.6947135, -87.57653569999999 41.6947135, -87.57060369999999 41.711636))"
17031842300,"[41.902197768776695, -87.65606527816685]",20.0,"POLYGON ((-87.64627209999999 41.9152062, -87.6424466 41.9081827, -87.6480162 41.9020771, -87.6482824 41.8991704, -87.65338100000001 41.897886, -87.65593299999999 41.898804, -87.65667069999999 41.900662, -87.65858300000001 41.9006422, -87.6597716 41.9019249, -87.6597635 41.9034677, -87.66637329999999 41.9150336, -87.6562 41.92007599999999, -87.64627209999999 41.9152062))"
17031836900,"[41.88188305458552, -87.70613618169075]",20.0,"POLYGON ((-87.69853990000001 41.8902252, -87.692508 41.887106, -87.685692 41.881818, -87.69375359999999 41.8767253, -87.699067 41.87262399999999, -87.7060429 41.866951, -87.7131953 41.8731465, -87.7202837 41.8710308, -87.72637800000001 41.8822283, -87.717264 41.88634, -87.712863 41.891039, -87.70657709999999 41.89653029999999, -87.69853990000001 41.8902252))"
17031839500,"[41.834097586266815, -87.61929184377419]",20.0,"POLYGON ((-87.6156723 41.841881, -87.60476820000001 41.8388324, -87.6029628 41.834365, -87.60631309999999 41.8286114, -87.61202329999999 41.8250361, -87.6199254 41.822011, -87.626015 41.824864, -87.63146809999999 41.8290783, -87.63581599999999 41.834139, -87.6319077 41.839285, -87.62669009999999 41.8433354, -87.6194641 41.8462577, -87.6156723 41.841881))"
17031835800,"[41.81304625057568, -87.61871920160294]",20.0,"POLYGON ((-87.61850000000001 41.825073, -87.61148329999999 41.8229292, -87.6067355 41.8186112, -87.5993517 41.8132597, -87.60614699999999 41.80784500000001, -87.6118824 41.8042093, -87.61980299999999 41.798143, -87.62598919999999 41.8028256, -87.6308676 41.80785179999999, -87.63015299999999 41.813203, -87.631542 41.818321, -87.62271539999999 41.8214906, -87.61850000000001 41.825073))"
17031831900,"[41.94516901783816, -87.66879065351692]",20.0,"POLYGON ((-87.6618872 41.95430289999999, -87.6564657 41.9503303, -87.6527208 41.9455772, -87.65659079999999 41.9401471, -87.66068 41.9349909, -87.669167 41.930271, -87.67580269999999 41.935959, -87.680572 41.939815, -87.68826249999999 41.9449394, -87.68259429999999 41.9511396, -87.67648899999999 41.9556816, -87.66888179999999 41.96019330000001, -87.6618872 41.95430289999999))"
17031841200,"[41.85556187483232, -87.68334196400795]",20.0,"POLYGON ((-87.6770219 41.863539, -87.6711669 41.8605169, -87.663375 41.85572000000001, -87.67138899999999 41.850521, -87.67622 41.8471262, -87.683042 41.84348079999999, -87.69021599999999 41.845955, -87.69561929999999 41.8503961, -87.7000429 41.854885, -87.69554939999999 41.861009, -87.689431 41.863128, -87.6833934 41.8676429, -87.6770219 41.863539))"
17031832600,"[41.914749204441485, -87.65405512995534]",20.0,"POLYGON ((-87.65397899999999 41.926992, -87.6477354 41.92258169999999, -87.6418199 41.9199154, -87.6376473 41.9148456, -87.63987379999999 41.90879839999999, -87.64587849999999 41.9034803, -87.65387799999999 41.902826, -87.6603088 41.9061773, -87.6662312 41.909503, -87.67046119999999 41.9147196, -87.66803499999999 41.920752, -87.6623419 41.9245467, -87.65397899999999 41.926992))"
17031841900,"[41.8678937582906, -87.64296812268435]",20.0,"POLYGON ((-87.64293200000002 41.880076, -87.63413899999999 41.871557, -87.62666759999999 41.86798599999999, -87.63866999999999 41.8666758, -87.63814839999999 41.8598504, -87.642574 41.859098, -87.65057499999999 41.858763, -87.6565676 41.8620398, -87.6591493 41.86779689999999, -87.65174069999999 41.8718685, -87.6569339 41.8742345, -87.649925 41.87703, -87.64293200000002 41.880076))"
17031843200,"[41.84745948293451, -87.66337220326558]",20.0,"POLYGON ((-87.66186739999999 41.8596709, -87.655135 41.8577852, -87.6481788 41.8539284, -87.658693 41.8478629, -87.66146529999999 41.8464786, -87.6601592 41.84464759999999, -87.66155859999999 41.8438507, -87.6657498 41.8450128, -87.66830590000001 41.84534010000001, -87.6707864 41.8474592, -87.67585079999999 41.8531099, -87.6703792 41.8566455, -87.66186739999999 41.8596709))"
17031843400,"[41.849327356224265, -87.73202175325522]",20.0,"POLYGON ((-87.73116659999999 41.8624048, -87.72494329999999 41.8588523, -87.7175608 41.8550686, -87.7195146 41.8493298, -87.722267 41.844658, -87.72533399999999 41.84158, -87.7319059 41.8377888, -87.7401708 41.839415, -87.748311 41.843746, -87.74677559999999 41.8498229, -87.7439996 41.854641, -87.7399592 41.8586488, -87.73116659999999 41.8624048))"
17031842600,"[41.81621859537091, -87.65169495991745]",20.0,"POLYGON ((-87.6509303 41.82882559999999, -87.64354109999999 41.8253097, -87.6393609 41.82055, -87.63940810000001 41.8165196, -87.6400728 41.8119227, -87.64366799999999 41.806419, -87.651404 41.8062929, -87.659195 41.80698599999999, -87.66566450000001 41.8104161, -87.671221 41.8158114, -87.66244 41.82205099999999, -87.6593738 41.82564199999999, -87.6509303 41.82882559999999))"
17031301803,"[41.83954972050366, -87.72787083373707]",20.0,"POLYGON ((-87.7207442 41.8487332, -87.7158931 41.8447114, -87.71255499999999 41.839325, -87.7156954 41.8343316, -87.71940719999999 41.8328177, -87.7277311 41.8304125, -87.73278789999999 41.8331502, -87.7395131 41.8366041, -87.738624 41.838459, -87.741041 41.844843, -87.734095 41.848733, -87.727902 41.851883, -87.7207442 41.8487332))"
17031063302,"[41.93476467345395, -87.63985399663771]",20.0,"POLYGON ((-87.6379254 41.9407304, -87.6297721 41.9228663, -87.6297721 41.9228663, -87.6398684 41.9227919, -87.6466265 41.9256752, -87.652174 41.929621, -87.6562314 41.9346697, -87.654404 41.9407046, -87.65836419999999 41.9435601, -87.65836419999999 41.9435601, -87.64805059999999 41.9451593, -87.6379254 41.9407304))"
17031220701,"[41.92615539149631, -87.72156506290543]",20.0,"POLYGON ((-87.7213804 41.938031, -87.713528 41.936494, -87.709532 41.931524, -87.70521529999999 41.926345, -87.7090532 41.921034, -87.7144239 41.917025, -87.72155119999999 41.9138698, -87.72847890000001 41.9172697, -87.7337198 41.9208728, -87.738517 41.926657, -87.73357560000001 41.9305253, -87.7286378 41.93568399999999, -87.7213804 41.938031))"
17031660301,"[41.779954049284456, -87.69828723443064]",20.0,"POLYGON ((-87.6909508 41.7891431, -87.68598329999999 41.7852764, -87.6821322 41.7799945, -87.68567519999999 41.7747054, -87.6907298 41.77064559999999, -87.70320359999999 41.77111, -87.70320359999999 41.77111, -87.71032609999999 41.7752079, -87.71449679999999 41.779485, -87.7104688 41.7854159, -87.7055805 41.7890858, -87.69845869999999 41.7950406, -87.6909508 41.7891431))"
17031660302,"[41.78359568685421, -87.69839262564432]",20.0,"POLYGON ((-87.691042 41.7924844, -87.68669 41.788884, -87.68311790000001 41.783247, -87.6863299 41.7783698, -87.6904502 41.7745681, -87.70320359999999 41.77111, -87.705456 41.7752756, -87.71055899999999 41.778571, -87.7146066 41.7835369, -87.71158799999999 41.788582, -87.7056671 41.7927476, -87.6991132 41.79874239999999, -87.691042 41.7924844))"
17031252201,"[41.87669586942388, -87.75210511712541]",20.0,"POLYGON ((-87.752065 41.887369, -87.74495999999999 41.8858268, -87.73975999999999 41.881516, -87.7316136 41.8772008, -87.73896769999999 41.8714939, -87.7448129 41.8680036, -87.75114579999999 41.8694606, -87.758989 41.8656881, -87.76965869999999 41.8770148, -87.7638659 41.881997, -87.7595487 41.8859084, -87.752065 41.887369))"
17031730202,"[41.72643003715611, -87.64854250966826]",20.0,"POLYGON ((-87.64028789999999 41.73690879999999, -87.64114699999999 41.7295777, -87.6406734 41.72649819999999, -87.641429 41.7233032, -87.64471109999999 41.7212444, -87.64932759999999 41.7213018, -87.65656299999999 41.715632, -87.6628793 41.7207785, -87.6551073 41.72988350000001, -87.6517353 41.7317003, -87.64028789999999 41.73690879999999))"
17031835600,"[41.801834716714666, -87.63220158936234]",20.0,"POLYGON ((-87.632008 41.816938, -87.62160350000001 41.8109518, -87.62148089999999 41.8065441, -87.6142198 41.80213029999999, -87.6202069 41.796373, -87.6250064 41.7930381, -87.63955159999999 41.791642, -87.63417369999999 41.80087169999999, -87.63761649999999 41.8017455, -87.6408661 41.8057957, -87.63924709999999 41.8110033, -87.632008 41.816938))"
17031840000,"[41.831171533368014, -87.63829782319965]",20.0,"POLYGON ((-87.6382837 41.8435974, -87.6313198 41.84022119999999, -87.6265925 41.8379409, -87.6200824 41.83117439999999, -87.62742480000001 41.8281802, -87.63166 41.82214200000001, -87.63838799999999 41.816306, -87.6458492 41.8213746, -87.65078579999999 41.8260018, -87.6579656 41.83050360000001, -87.65053759999999 41.8361678, -87.64484000000002 41.839986, -87.6382837 41.8435974))"
17031835700,"[41.81284438315754, -87.62759778508722]",20.0,"POLYGON ((-87.6271617 41.8248955, -87.62034290000001 41.821986, -87.6154109 41.8181635, -87.60698069999999 41.8130043, -87.61627729999999 41.8075598, -87.62147589999999 41.805088, -87.627483 41.797907, -87.634067 41.803726, -87.6406463 41.8080231, -87.635402 41.813046, -87.638188 41.81747, -87.63386919999999 41.82201329999999, -87.6271617 41.8248955))"
17031843600,"[41.806765408440235, -87.60894882347458]",20.0,"POLYGON ((-87.60289929999999 41.81529620000001, -87.59665099999999 41.811992, -87.59392939999999 41.8068828, -87.597111 41.801416, -87.6023599 41.7985756, -87.60943929999999 41.79339530000001, -87.6176351 41.7966035, -87.6206753 41.8013759, -87.6239951 41.8069619, -87.62166529999999 41.812078, -87.61560009999999 41.8159114, -87.608964 41.818826, -87.60289929999999 41.81529620000001))"
17031836400,"[41.821175105581446, -87.59583251114228]",20.0,"POLYGON ((-87.5952267 41.8123463, -87.60134599999999 41.813345, -87.596333 41.8208901, -87.606245 41.816934, -87.6078504 41.8212688, -87.6083781 41.8263381, -87.597267 41.822556, -87.597267 41.822556, -87.6087527 41.8418509, -87.6087527 41.8418509, -87.6030706 41.8349846, -87.5952267 41.8123463))"
17031836100,"[41.79980501785371, -87.61868250672146]",20.0,"POLYGON ((-87.6114582 41.8094492, -87.6071436 41.8051975, -87.6070665 41.7990617, -87.6073827 41.7970036, -87.6154981 41.7936975, -87.6186476 41.7845219, -87.6259369 41.790661, -87.62930489999999 41.7953045, -87.63393069999999 41.7998004, -87.63242199999999 41.805561, -87.62556300000001 41.8089129, -87.6189911 41.8147653, -87.6114582 41.8094492))"
17031834600,"[41.78724654510406, -87.63430573629155]",20.0,"POLYGON ((-87.63412799999999 41.798795, -87.62753599999999 41.796449, -87.62272849999999 41.7924487, -87.61627179999999 41.7875067, -87.6216759 41.782191, -87.6352378 41.772322, -87.6408438 41.7789371, -87.64706679999999 41.7817345, -87.6546972 41.7871871, -87.6463435 41.7924747, -87.64190499999999 41.79633, -87.63412799999999 41.798795))"
17031030102,"[41.99339665554366, -87.65513190861432]",20.0,"POLYGON ((-87.650235 41.978176, -87.6537778 41.978349, -87.66212299999999 41.984272, -87.66123349999999 41.9872447, -87.66734830000001 41.9880952, -87.6718475 41.9934495, -87.6674625 41.9987383, -87.66316479999999 42.0037901, -87.65879600000001 42.00703499999999, -87.657445 42.0037206, -87.6566102 42.0013306, -87.650235 41.978176))"
17031030103,"[41.995380420143874, -87.65469539192947]",20.0,"POLYGON ((-87.65515789999999 41.9818923, -87.66119549999999 41.9860844, -87.66123349999999 41.9872447, -87.66123349999999 41.9872447, -87.66123349999999 41.9872447, -87.6663762 41.9899513, -87.6670326 42.0006332, -87.66287 42.00585, -87.65879600000001 42.00703499999999, -87.65778329999999 42.0046437, -87.6566102 42.0013306, -87.65515789999999 41.9818923))"
17031030706,"[41.98023537975705, -87.65160534668804]",20.0,"POLYGON ((-87.6515287 41.9686071, -87.65898899999999 41.970998, -87.6636616 41.9751961, -87.667948 41.980207, -87.663972 41.985236, -87.66123349999999 41.9872447, -87.66000919999999 41.9906117, -87.65441989999999 41.9923774, -87.65441989999999 41.9923774, -87.6515287 41.9686071))"
17031061902,"[41.94492796421461, -87.63570667145892]",20.0,"POLYGON ((-87.63558049999999 41.9607673, -87.63459209999999 41.9403716, -87.63922409999999 41.93961650000001, -87.64246199999999 41.941934, -87.65836419999999 41.9435601, -87.65836419999999 41.9435601, -87.65836419999999 41.9435601, -87.65836419999999 41.9435601, -87.644077 41.9455249, -87.649602 41.9507414, -87.6533404 41.9665404, -87.64709049999999 41.9693932, -87.63558049999999 41.9607673))"
17031063303,"[41.934731166468474, -87.63466132872848]",20.0,"POLYGON ((-87.6297721 41.9228663, -87.6357312 41.9220096, -87.64147989999999 41.9255824, -87.65130429999999 41.9214378, -87.647066 41.929426, -87.64886179999999 41.9347892, -87.65836419999999 41.9435601, -87.65836419999999 41.9435601, -87.65836419999999 41.9435601, -87.6455 41.938879, -87.64214199999999 41.944427, -87.6297721 41.9228663))"
17031030601,"[41.988886305780284, -87.65493608088825]",20.0,"POLYGON ((-87.650235 41.978176, -87.650235 41.978176, -87.6551671 41.9737464, -87.6618553 41.97994, -87.667204 41.98326, -87.67106199999999 41.989024, -87.66706099999999 41.993809, -87.662024 41.9983266, -87.656632 42.00128, -87.6566102 42.0013306, -87.65579939999999 41.9989146, -87.650235 41.978176))"
17031081202,"[41.906140798221315, -87.62180500550978]",20.0,"POLYGON ((-87.61672689999999 41.8971752, -87.61672689999999 41.8971752, -87.61672689999999 41.8971752, -87.621978 41.894178, -87.629758 41.8956409, -87.63573459999999 41.899772, -87.6384429 41.9060649, -87.63574699999999 41.911847, -87.62832139999999 41.9158789, -87.6297721 41.9228663, -87.61672689999999 41.8971752))"
17031220601,"[41.92582520896371, -87.71288365533424]",20.0,"POLYGON ((-87.7127919 41.937889, -87.7048587 41.936241, -87.700406 41.931201, -87.6971877 41.9257948, -87.7005954 41.9208459, -87.70602599999999 41.916763, -87.71281049999999 41.9138998, -87.7189278 41.9179794, -87.72504599999999 41.920658, -87.7280823 41.9254204, -87.725694 41.9300077, -87.7212303 41.9365167, -87.7127919 41.937889))"
17031040401,"[41.97206673735025, -87.68608162783089]",20.0,"POLYGON ((-87.677471 41.982101, -87.6723873 41.9780687, -87.66960189999999 41.9721465, -87.67511689999999 41.9674141, -87.6793826 41.962835, -87.68618529999999 41.9594988, -87.69253399999999 41.96403309999999, -87.6886779 41.9699483, -87.69841 41.966734, -87.701759 41.971889, -87.70036999999999 41.9774374, -87.69405829999999 41.9827907, -87.677471 41.982101))"
17031220901,"[41.919181628863086, -87.7212482947213]",20.0,"POLYGON ((-87.721193 41.93121499999999, -87.7141232 41.9285073, -87.70912559999999 41.9241401, -87.7045686 41.9192487, -87.7142185 41.9102608, -87.72071389999999 41.9072008, -87.7283791 41.9100094, -87.7397771 41.9191249, -87.73338419999999 41.9245852, -87.7282834 41.9281067, -87.721193 41.93121499999999))"
17031210602,"[41.93416298466335, -87.71257199315885]",20.0,"POLYGON ((-87.71243659999999 41.9492903, -87.7055805 41.943236, -87.7004606 41.9395323, -87.69827029999999 41.9340542, -87.698488 41.927916, -87.7042149 41.9236967, -87.71248749999999 41.9189793, -87.7197058 41.9251205, -87.72529589999999 41.9287393, -87.7286201 41.9342447, -87.72642599999999 41.9403239, -87.72062799999999 41.944907, -87.71243659999999 41.9492903))"
17031220602,"[41.92932720667535, -87.71198118069378]",20.0,"POLYGON ((-87.70444599999999 41.938285, -87.7000936 41.9341696, -87.695987 41.929552, -87.6980545 41.9230421, -87.7049569 41.9193758, -87.71212380000001 41.9143535, -87.7191814 41.9202676, -87.7243048 41.9240161, -87.72849739999999 41.9296134, -87.72617869999999 41.9353203, -87.7202439 41.94086799999999, -87.7125839 41.9427708, -87.70444599999999 41.938285))"
17031252202,"[41.87675844434059, -87.74458324143082]",20.0,"POLYGON ((-87.7431352 41.888736, -87.737478 41.88586, -87.7323289 41.882354, -87.72437499999999 41.877358, -87.7327107 41.8714974, -87.7375364 41.8690837, -87.744846 41.8613185, -87.7510884 41.8658008, -87.75551089999999 41.8719358, -87.76473709999999 41.8768935, -87.756703 41.881722, -87.75169289999999 41.88545930000001, -87.7431352 41.888736))"
17031252102,"[41.876592285160775, -87.7598115637835]",20.0,"POLYGON ((-87.7596453 41.8886611, -87.7526331 41.8858901, -87.74748009999999 41.8815249, -87.73980499999999 41.87669, -87.74849689999999 41.8713722, -87.7544743 41.8671195, -87.7582286 41.8712874, -87.7587597 41.8703763, -87.76643399999999 41.869438, -87.780058 41.8763666, -87.77212899999999 41.881676, -87.767839 41.885807, -87.7596453 41.8886611))"
17031836300,"[41.80153232988133, -87.60175847659735]",20.0,"POLYGON ((-87.59399999999999 41.811834, -87.5896982 41.806798, -87.5892265 41.7964204, -87.59439119999999 41.7922415, -87.60015199999999 41.789113, -87.6111284 41.7931987, -87.61360379999999 41.7983108, -87.6179554 41.8016467, -87.613494 41.8067319, -87.60936599999999 41.8106719, -87.6018529 41.8168691, -87.59399999999999 41.811834))"
17031836200,"[41.790469206762914, -87.60128473183154]",20.0,"POLYGON ((-87.600093 41.804359, -87.5947529 41.7993039, -87.5857254 41.8001959, -87.58725 41.7965711, -87.5897387 41.7854171, -87.59305119999999 41.7805355, -87.60126120000001 41.77547269999999, -87.6080882 41.7812717, -87.61345039999999 41.7852731, -87.61703899999999 41.790571, -87.61400159999999 41.79807419999999, -87.6100196 41.8021756, -87.600093 41.804359))"
17031836000,"[41.81400356623662, -87.61168434804308]",20.0,"POLYGON ((-87.611289 41.825941, -87.604445 41.824318, -87.59910099999999 41.820557, -87.5955843 41.8141078, -87.599856 41.808844, -87.6111784 41.7984334, -87.61766999999999 41.80489900000001, -87.62409479999999 41.8087898, -87.62761239999999 41.8140057, -87.624206 41.819247, -87.61921370000002 41.8256249, -87.611289 41.825941))"
17031835900,"[41.82016644184237, -87.62149886845029]",20.0,"POLYGON ((-87.61678999999999 41.8274786, -87.60739699999999 41.825904, -87.6013145 41.8197753, -87.6103461 41.8149161, -87.6144187 41.8113406, -87.62109889999999 41.8056592, -87.62859999999999 41.812399, -87.63381129999999 41.8150617, -87.63762799999999 41.8197423, -87.6338217 41.8254412, -87.6283009 41.8292946, -87.6222839 41.835493, -87.61678999999999 41.8274786))"
17031834500,"[41.78808233246707, -87.6247360013558]",20.0,"POLYGON ((-87.62394979999999 41.8032595, -87.61670599999999 41.7983054, -87.617598 41.793204, -87.60943929999999 41.79339530000001, -87.61084199999999 41.78211779999999, -87.61725899999999 41.778295, -87.624741 41.773021, -87.6323426 41.7791235, -87.63700100000001 41.782886, -87.6415803 41.7879202, -87.636934 41.792819, -87.63152099999999 41.79733, -87.62394979999999 41.8032595))"
17031834400,"[41.77695045912093, -87.5963029511708]",20.0,"POLYGON ((-87.58920739999999 41.7861024, -87.58486550000001 41.7855231, -87.57904889999999 41.7793289, -87.584159 41.77169019999999, -87.5894065 41.76783349999999, -87.5966918 41.7698179, -87.6012441 41.7696538, -87.60839729999999 41.7716905, -87.60098529999999 41.7768129, -87.60632199999999 41.781509, -87.6030042 41.7976141, -87.5965825 41.7919281, -87.58920739999999 41.7861024))"
17031834300,"[41.74583510886111, -87.59178804612299]",20.0,"POLYGON ((-87.58554289999999 41.7551396, -87.58004129999999 41.7515229, -87.575616 41.74584720000001, -87.57849179999999 41.739864, -87.58483199999999 41.736736, -87.59186149999999 41.7322737, -87.59963599999999 41.735162, -87.60342089999999 41.7406182, -87.611987 41.745481, -87.60367239999999 41.7508224, -87.59895499999999 41.756231, -87.59230869999999 41.7579521, -87.58554289999999 41.7551396))"
17031070101,"[41.93046401887251, -87.63255807586722]",20.0,"POLYGON ((-87.6297721 41.9228663, -87.6297721 41.9228663, -87.63402809999999 41.9186461, -87.63881820000002 41.9225474, -87.65130429999999 41.9214378, -87.643002 41.92641, -87.6444532 41.9302705, -87.64480469999999 41.9354965, -87.65836419999999 41.9435601, -87.65836419999999 41.9435601, -87.6404079 41.940957, -87.63569609999999 41.9386881, -87.6297721 41.9228663))"
17031030104,"[41.99727718337135, -87.65564253737429]",20.0,"POLYGON ((-87.6523892 41.9857409, -87.65441989999999 41.9923774, -87.6552046 41.9838259, -87.66269819999999 41.9883008, -87.6676452 41.9921792, -87.6722718 41.9972576, -87.6700288 42.00341, -87.66388429999999 42.00776949999999, -87.65915099999999 42.007713, -87.65880059999999 42.006784, -87.65879600000001 42.00703499999999, -87.6523892 41.9857409))"
17031081401,"[41.89503463833045, -87.61971749942701]",20.0,"POLYGON ((-87.60675879999999 41.8961387, -87.6038597 41.8961807, -87.60615539999999 41.8916405, -87.6206411 41.8828308, -87.62685189999999 41.8860232, -87.6321342 41.88981440000001, -87.640007 41.89476, -87.63192219999999 41.9007204, -87.65130429999999 41.9214378, -87.62709529999999 41.9042016, -87.61986870000001 41.9013942, -87.60675879999999 41.8961387))"
17031430102,"[41.76939065153051, -87.56161548390274]",20.0,"POLYGON ((-87.5589265 41.7635331, -87.56177479999999 41.7604574, -87.56430399999999 41.7597921, -87.568467 41.760174, -87.5741877 41.7600005, -87.5738697 41.7641143, -87.57394769999999 41.7697927, -87.5686477 41.7724126, -87.5703549 41.775665, -87.56993229999999 41.7761693, -87.5589265 41.7635331))"
17031110501,"[41.9770023490169, -87.7619250142156]",20.0,"POLYGON ((-87.761438 41.9837812, -87.74942569999999 41.9825341, -87.74805339999999 41.9771799, -87.7478813 41.9707596, -87.75261689999999 41.9665314, -87.76191399999999 41.968192, -87.7687806 41.9693718, -87.772509 41.9724243, -87.7778514 41.9769784, -87.776043 41.9830698, -87.76975849999999 41.9876705, -87.761438 41.9837812))"
17031770902,"[41.97006566869115, -87.83618394581488]",20.0,"POLYGON ((-87.82807149999999 41.9802214, -87.8220262 41.9761967, -87.81922340000001 41.9699896, -87.82567619999999 41.9650259, -87.82912859999999 41.96069260000001, -87.83662389999999 41.9558278, -87.843288 41.9609832, -87.8466342 41.9633387, -87.8512691 41.9695588, -87.8512705 41.9695698, -87.84301429999999 41.97918749999999, -87.8364199 41.98252859999999, -87.82807149999999 41.9802214))"
17031430101,"[41.76985324172053, -87.57395301583693]",20.0,"POLYGON ((-87.57107139999999 41.7766929, -87.5703549 41.775665, -87.5703549 41.775665, -87.563868 41.768263, -87.560011 41.763962, -87.566721 41.7595079, -87.5733973 41.7576676, -87.58114019999999 41.7608575, -87.586721 41.764773, -87.5912828 41.7698291, -87.5849166 41.7792574, -87.5816013 41.7804001, -87.57107139999999 41.7766929))"
17031252101,"[41.87551077744533, -87.76957093345533]",20.0,"POLYGON ((-87.76227129999999 41.8841664, -87.7572953 41.8809119, -87.75355599999999 41.87551759999999, -87.7591587 41.8718903, -87.76111 41.8651234, -87.76974500000001 41.869905, -87.775087 41.867666, -87.77926029999999 41.8707863, -87.7852104 41.8755294, -87.7808455 41.8808431, -87.775587 41.884143, -87.77070119999999 41.8860077, -87.76227129999999 41.8841664))"
17031010501,"[42.00941197941639, -87.66395828856929]",20.0,"POLYGON ((-87.65579939999999 41.9989146, -87.65579939999999 41.9989146, -87.65579939999999 41.9989146, -87.6644898 41.9972548, -87.67157159999999 42.0002897, -87.67610599999999 42.0042029, -87.6839645 42.00886759999999, -87.67533499999999 42.0145989, -87.670637 42.018548, -87.664332 42.020921, -87.664332 42.020921, -87.664332 42.020921, -87.65579939999999 41.9989146))"
17031020701,"[41.98689155855462, -87.70368969260137]",20.0,"POLYGON ((-87.69803519999999 41.9946806, -87.6936461 41.9913816, -87.688423 41.986875, -87.68967339999999 41.9804166, -87.6965402 41.977667, -87.70440069999999 41.9764346, -87.71054319999999 41.9775718, -87.715867 41.981809, -87.71596599999999 41.98707700000001, -87.71793509999999 41.992794, -87.7116662 41.9973592, -87.70417669999999 41.9989588, -87.69803519999999 41.9946806))"
17031540101,"[41.650219752547926, -87.59979233749178]",20.0,"POLYGON ((-87.59635419999999 41.6581637, -87.59506279999999 41.6521181, -87.59776979999999 41.644603, -87.5985245 41.6443548, -87.6032141 41.6446149, -87.60687999999999 41.646926, -87.6148934 41.650955, -87.6131606 41.6555928, -87.61260589999999 41.6591357, -87.60050249999999 41.6591408, -87.5998618 41.67340799999999, -87.59635419999999 41.6581637))"
17031010201,"[42.0160077100778, -87.68014845831961]",20.0,"POLYGON ((-87.6800418 42.0309592, -87.67384199999999 42.0228055, -87.66744319999999 42.0211309, -87.6636735 42.0164385, -87.66812759999999 42.0105884, -87.6733897 42.0065541, -87.68066379999999 42.0039233, -87.6882322 42.00575060000001, -87.69415499999999 42.0103626, -87.6958214 42.0159682, -87.692427 42.0212239, -87.6885262 42.0256376, -87.6800418 42.0309592))"
17031440201,"[41.748210068621376, -87.6100746282758]",20.0,"POLYGON ((-87.602554 41.757601, -87.597634 41.754238, -87.5951625 41.7483855, -87.5992164 41.7442289, -87.6033985 41.73921989999999, -87.61017179999999 41.7327121, -87.61818479999999 41.7391071, -87.62148929999999 41.742576, -87.62608299999999 41.74820099999999, -87.621909 41.753662, -87.6170491 41.7578783, -87.61009419999999 41.7633111, -87.602554 41.757601))"
17031839000,"[41.87104221392834, -87.63140269557016]",20.0,"POLYGON ((-87.62422309999999 41.8807336, -87.61897499999999 41.8757887, -87.6205614 41.8722308, -87.6208362 41.8654277, -87.62383819999999 41.8620747, -87.63261589999999 41.8598253, -87.64215840000001 41.8665704, -87.65066229999999 41.8671569, -87.6393657 41.8716096, -87.6410056 41.8758293, -87.63722320000001 41.8789094, -87.6316447 41.8833529, -87.62422309999999 41.8807336))"
17031760801,"[41.983486688006245, -87.84484974006553]",20.0,"POLYGON ((-87.840515 41.988857, -87.83377329999999 41.9881053, -87.8217817 41.9832264, -87.8327324 41.97812, -87.8391032 41.9757206, -87.836759 41.9594128, -87.8442354 41.9713344, -87.8512691 41.9695588, -87.8512691 41.9695588, -87.85985459999999 42.0069872, -87.8452506 41.9853184, -87.840515 41.988857))"
17031834000,"[41.72756028822689, -87.62950436589648]",20.0,"POLYGON ((-87.6294925 41.7296869, -87.62261289999999 41.73687, -87.62253299999999 41.7308102, -87.61572 41.727376, -87.6187247 41.7231017, -87.62406399999999 41.717179, -87.6296668 41.7157705, -87.63677989999999 41.7171645, -87.64326989999999 41.7215165, -87.635741 41.727579, -87.63497009999999 41.7293704, -87.6321239 41.7325419, -87.6294925 41.7296869))"
17031833900,"[41.731877179046236, -87.54785286272997]",20.0,"POLYGON ((-87.543072 41.737531, -87.5401299 41.7331874, -87.5380967 41.7262408, -87.541535 41.723733, -87.547645 41.720078, -87.5552102 41.7227063, -87.5600757 41.7261034, -87.5600446 41.7328576, -87.56849939999999 41.7407841, -87.560278 41.737502, -87.55608169999999 41.7417381, -87.54790589999999 41.7446328, -87.543072 41.737531))"
17031221000,"[41.920960430602385, -87.71525255727798]",20.0,"POLYGON ((-87.7085822 41.9295715, -87.703074 41.926083, -87.69891969999999 41.92105919999999, -87.7020227 41.9156328, -87.70767239999999 41.9119225, -87.71524119999999 41.9093395, -87.72239239999999 41.91295059999999, -87.7279298 41.9156447, -87.73547979999999 41.9205103, -87.726466 41.926178, -87.72204680000002 41.9300617, -87.7159738 41.9340188, -87.7085822 41.9295715))"
17031221100,"[41.92102054216185, -87.71036087537796]",20.0,"POLYGON ((-87.71008399999999 41.9330626, -87.7032708 41.9303705, -87.69778400000001 41.9266105, -87.694255 41.92108, -87.69845869999999 41.9157861, -87.7028713 41.9119731, -87.7102379 41.9089689, -87.71721429999999 41.9117984, -87.7216176 41.9153987, -87.7301324 41.9209862, -87.72274520000001 41.9262251, -87.71714039999999 41.9300903, -87.71008399999999 41.9330626))"
17031242800,"[41.89263204557679, -87.69032375549155]",20.0,"POLYGON ((-87.69013339999999 41.9048068, -87.68262249999999 41.9012576, -87.67789549999999 41.8979357, -87.67391300000001 41.892958, -87.67649519999999 41.886571, -87.6824814 41.8823098, -87.690302 41.883479, -87.692508 41.887106, -87.6923369 41.8918694, -87.70198329999999 41.8919473, -87.704469 41.898942, -87.6981435 41.9029086, -87.69013339999999 41.9048068))"
17031242900,"[41.892195532934714, -87.68428963664434]",20.0,"POLYGON ((-87.6768941 41.9012485, -87.6725232 41.8975952, -87.66604049999999 41.8919502, -87.67208199999999 41.886615, -87.677183 41.88288300000001, -87.6838552 41.8772856, -87.691149 41.882698, -87.6888256 41.8902511, -87.69853990000001 41.8902252, -87.6983537 41.8981894, -87.6915939 41.9009838, -87.684347 41.907252, -87.6768941 41.9012485))"
17031243000,"[41.89227537939264, -87.67939814177177]",20.0,"POLYGON ((-87.6785888 41.9074055, -87.6720503 41.9013929, -87.666939 41.897411, -87.66315299999999 41.89227899999999, -87.6673215 41.8870824, -87.67179539999999 41.88321, -87.679058 41.8804344, -87.6877562 41.8837176, -87.689235 41.8868623, -87.69853990000001 41.8902252, -87.6912052 41.8975267, -87.686386 41.901463, -87.6785888 41.9074055))"
17031243100,"[41.89235466213643, -87.67450675347433]",20.0,"POLYGON ((-87.67429229999999 41.9056557, -87.66709590000001 41.9016439, -87.66243440000001 41.897156, -87.65834070000001 41.8922578, -87.6626594 41.8870083, -87.6676425 41.8831031, -87.67473799999999 41.8794449, -87.6814285 41.8835805, -87.6853783 41.8875117, -87.6938754 41.8934282, -87.6865406 41.8977152, -87.68172439999999 41.9013975, -87.67429229999999 41.9056557))"
17031071400,"[41.92215307591395, -87.6294059796152]",20.0,"POLYGON ((-87.61986870000001 41.9013942, -87.6288536 41.9101964, -87.6341728 41.9172692, -87.6369062 41.9188073, -87.6360797 41.921845, -87.64016509999999 41.9273383, -87.65836419999999 41.9435601, -87.65836419999999 41.9435601, -87.65836419999999 41.9435601, -87.6375252 41.93218640000001, -87.61986870000001 41.9013942))"
17031243300,"[41.89247817424054, -87.66473878651617]",20.0,"POLYGON ((-87.66425079999999 41.9030071, -87.65698429999999 41.9023288, -87.65093010000001 41.8983022, -87.6476835 41.8922376, -87.6521467 41.8855734, -87.65883119999999 41.8843221, -87.6651255 41.8805638, -87.67178880000002 41.8832197, -87.6771059 41.8874351, -87.680925 41.8924499, -87.67673839999999 41.897866, -87.6719899 41.901581, -87.66425079999999 41.9030071))"
17031243200,"[41.8924327424389, -87.66962376185874]",20.0,"POLYGON ((-87.66256629999999 41.9015276, -87.657253 41.897754, -87.65537879999999 41.8919236, -87.65892300000002 41.8876816, -87.66271050000002 41.8834182, -87.66945000000001 41.877799, -87.67668660000001 41.8831494, -87.6820359 41.8871468, -87.68919009999999 41.8923624, -87.6819941 41.8976385, -87.67620079999999 41.9015446, -87.66256629999999 41.9015276))"
17031243400,"[41.89255798954084, -87.65984792427027]",20.0,"POLYGON ((-87.65910439999999 41.9045454, -87.6557809 41.8990727, -87.64787969999999 41.8979968, -87.6457229 41.8928352, -87.6498603 41.8879876, -87.6529395 41.88340120000001, -87.6595445 41.8805398, -87.667897 41.882083, -87.672214 41.8875302, -87.676084 41.892539, -87.67222989999999 41.8977909, -87.66676289999999 41.9017801, -87.65910439999999 41.9045454))"
17031150800,"[41.949708612798055, -87.75211816585293]",20.0,"POLYGON ((-87.74569819999999 41.9575434, -87.74020399999999 41.954998, -87.73600549999999 41.9499151, -87.7396461 41.9444138, -87.744444 41.94067740000001, -87.75183179999999 41.93486679999999, -87.75919759999999 41.9404903, -87.7644487 41.9446216, -87.7724719 41.950103, -87.76707309999999 41.95501720000001, -87.75913120000001 41.9589649, -87.7521332 41.9616933, -87.74569819999999 41.9575434))"
17031150700,"[41.94959156460801, -87.76195802891986]",20.0,"POLYGON ((-87.7618609 41.964399, -87.75484229999999 41.9583551, -87.7491919 41.95499299999999, -87.74417099999999 41.949811, -87.74998119999999 41.9439584, -87.7548633 41.9407605, -87.761803 41.934778, -87.76899179999999 41.9403586, -87.774006 41.9444345, -87.78234499999999 41.94999300000001, -87.7759009 41.9555829, -87.7696526 41.95954709999999, -87.7618609 41.964399))"
17031150600,"[41.949473096301936, -87.77175783371868]",20.0,"POLYGON ((-87.7646898 41.9582351, -87.757772 41.9557668, -87.7519049 41.94906, -87.75951569999999 41.9439104, -87.76462889999999 41.94064059999999, -87.7718433 41.9348384, -87.77871760000001 41.9402501, -87.78413599999999 41.944126, -87.7790938 41.9502741, -87.78384629999999 41.9547197, -87.7781926 41.9585109, -87.77224050000001 41.9640733, -87.7646898 41.9582351))"
17031110400,"[41.97295366781568, -87.77261142840995]",20.0,"POLYGON ((-87.76651339999999 41.9811282, -87.7624405 41.9773893, -87.76017619999999 41.9729146, -87.75851609999999 41.9666565, -87.764437 41.962079, -87.77228599999999 41.9607821, -87.77939459999999 41.9637527, -87.7847493 41.9677253, -87.7864208 41.9729248, -87.7868819 41.9788938, -87.78042309999999 41.982918, -87.7729928 41.98177279999999, -87.76651339999999 41.9811282))"
17031241300,"[41.906771661230216, -87.68102499823829]",20.0,"POLYGON ((-87.6803316 41.9190353, -87.6739456 41.9155456, -87.6689245 41.9119864, -87.66491359999999 41.9065091, -87.6668684 41.9006318, -87.67306099999999 41.896638, -87.6809483 41.8950858, -87.68760949999999 41.8972663, -87.693473 41.90177, -87.6969659 41.9065843, -87.6927642 41.912087, -87.68905890000001 41.917407, -87.6803316 41.9190353))"
17031241100,"[41.90664032016157, -87.68958010522516]",20.0,"POLYGON ((-87.68950199999999 41.918923, -87.68274839999999 41.9157424, -87.67728729999999 41.9120295, -87.67310049999999 41.9067002, -87.67721419999999 41.9013546, -87.68242099999999 41.8978524, -87.68918649999999 41.8930028, -87.696748 41.8974334, -87.70236969999999 41.8956013, -87.70567579999999 41.9044784, -87.7031099 41.912711, -87.69653699999999 41.9156831, -87.68950199999999 41.918923))"
17031241500,"[41.908375924106124, -87.67093650160902]",20.0,"POLYGON ((-87.6707246 41.920343, -87.66319129999999 41.9170328, -87.65979 41.9122545, -87.65873789999999 41.908081, -87.6584015 41.9017252, -87.66286400000001 41.898215, -87.6709558 41.8960121, -87.67894199999999 41.897968, -87.6848813 41.9019875, -87.6867735 41.9083702, -87.68466389999999 41.9140234, -87.67843479999999 41.9175927, -87.6707246 41.920343))"
17031241600,"[41.90670971179178, -87.66532774045673]",20.0,"POLYGON ((-87.658738 41.9154021, -87.6548761 41.91112940000001, -87.656683 41.90710060000001, -87.65105079999999 41.9006376, -87.6569305 41.8959386, -87.66531999999999 41.894544, -87.6710166 41.89849479999999, -87.6774719 41.9014927, -87.68185 41.90677, -87.67939 41.912809, -87.6724632 41.916301, -87.665966 41.9171987, -87.658738 41.9154021))"
17031151200,"[41.942168985833895, -87.77149534842334]",20.0,"POLYGON ((-87.76445149999999 41.95135630000001, -87.75941229999999 41.9473374, -87.75182599999999 41.9414985, -87.75924669999999 41.9370807, -87.7647346 41.93298670000001, -87.77157489999999 41.9275358, -87.7781684 41.9330499, -87.783626 41.937185, -87.79160779999999 41.9417419, -87.78385779999999 41.9470762, -87.77852439999999 41.9513711, -87.77201149999999 41.9567819, -87.76445149999999 41.95135630000001))"
17031241400,"[41.90602837088373, -87.67531260066231]",20.0,"POLYGON ((-87.6751941 41.9177887, -87.6681605 41.915336, -87.66282289999999 41.911002, -87.66066289999999 41.90302920000001, -87.6610029 41.9001325, -87.6671875 41.895157, -87.67520639999999 41.8938829, -87.68236809999999 41.8966098, -87.68734809999999 41.9007385, -87.691163 41.905882, -87.68758339999999 41.9113511, -87.68361580000001 41.9166532, -87.6751941 41.9177887))"
17031151100,"[41.94229034323704, -87.76171751796598]",20.0,"POLYGON ((-87.7546272 41.9510321, -87.7496893 41.9474594, -87.7414594 41.9425621, -87.749528 41.936709, -87.7545557 41.9334733, -87.761923 41.927418, -87.7690149 41.9332409, -87.77371459999999 41.9366408, -87.78185099999999 41.942704, -87.7739696 41.9478307, -87.7687421 41.95109830000001, -87.7621625 41.95689429999999, -87.7546272 41.9510321))"
17031250200,"[41.91235084585062, -87.75107298799752]",20.0,"POLYGON ((-87.74401879999999 41.9214139, -87.73915900000001 41.918151, -87.7346702 41.9113264, -87.73946149999999 41.908041, -87.7459394 41.9042067, -87.75152749999999 41.9005989, -87.75805020000001 41.9032632, -87.76366779999999 41.9070347, -87.7668362 41.9121076, -87.76487879999999 41.91788820000001, -87.75942599999999 41.922659, -87.7512311 41.9242226, -87.74401879999999 41.9214139))"
17031250300,"[41.91284192927544, -87.76084076525582]",20.0,"POLYGON ((-87.753264 41.92214, -87.748451 41.9179454, -87.74178999999999 41.9122816, -87.74851989999999 41.9064332, -87.7533512 41.9036436, -87.7607285 41.89762959999999, -87.7679349 41.9037072, -87.77346779999999 41.9076871, -87.77673679999999 41.91310010000001, -87.7712511 41.91796919999999, -87.7677482 41.9221203, -87.76098019999999 41.9216206, -87.753264 41.92214))"
17031250400,"[41.912907891902826, -87.77539418256583]",20.0,"POLYGON ((-87.7727488 41.9180656, -87.7533809 41.9168306, -87.7572857 41.91283929999999, -87.76306079999999 41.9077178, -87.7681427 41.903915, -87.77522789999999 41.8978918, -87.78300089999999 41.9024479, -87.78758209999999 41.9083129, -87.79548 41.9126445, -87.7821601 41.9166592, -87.77848809999999 41.915284, -87.77795359999999 41.9178671, -87.7727488 41.9180656))"
17031243500,"[41.89265360988218, -87.65251724729745]",20.0,"POLYGON ((-87.64788040000001 41.8980272, -87.63839899999999 41.8987358, -87.63602290000001 41.8921588, -87.64046139999999 41.8873494, -87.6443479 41.88223139999999, -87.65209109999999 41.8836354, -87.6576098 41.8864709, -87.6621974 41.8881026, -87.66681 41.892303, -87.6665318 41.8985975, -87.66058769999999 41.904495, -87.65270049999999 41.9015951, -87.64788040000001 41.8980272))"
17031250500,"[41.91461807427118, -87.79679618185202]",20.0,"POLYGON ((-87.79625639999999 41.926609, -87.7909154 41.9230992, -87.78676659999999 41.9190663, -87.78119559999999 41.9145563, -87.78455900000002 41.909555, -87.7893785 41.9056389, -87.797391 41.901813, -87.80411389999999 41.9052985, -87.80918629999999 41.909402, -87.8126726 41.9142425, -87.8085681 41.9198021, -87.803963 41.923221, -87.79625639999999 41.926609))"
17031071800,"[41.914585513962834, -87.64596598534575]",20.0,"POLYGON ((-87.6388611 41.9235803, -87.6354324 41.9188177, -87.6310891 41.9137846, -87.63372 41.9092788, -87.6378828 41.9043125, -87.64545869999999 41.9031494, -87.6517782 41.9053632, -87.65873789999999 41.908081, -87.658738 41.9154021, -87.6597769 41.9204975, -87.652946 41.9235582, -87.6460474 41.9265492, -87.6388611 41.9235803))"
17031071500,"[41.9149142794503, -87.62676274960273]",20.0,"POLYGON ((-87.61672689999999 41.8971752, -87.626769 41.903472, -87.6339069 41.9058502, -87.63785589999999 41.9102317, -87.64287059999999 41.9147396, -87.65130429999999 41.9214378, -87.64109739999999 41.9208632, -87.63505889999999 41.9255974, -87.6297721 41.9228663, -87.61672689999999 41.8971752))"
17031080400,"[41.90741229585053, -87.64090146057023]",20.0,"POLYGON ((-87.6403534 41.9191443, -87.6333078 41.9160381, -87.6310891 41.9137846, -87.62553439999999 41.9068743, -87.6269155 41.9016662, -87.632817 41.897, -87.6407413 41.8954678, -87.64753549999999 41.8986953, -87.65227259999999 41.90779320000001, -87.65439930000001 41.9130712, -87.648827 41.91644, -87.6403534 41.9191443))"
17031080100,"[41.907553726467, -87.62678974358614]",20.0,"POLYGON ((-87.61672689999999 41.8971752, -87.61672689999999 41.8971752, -87.62018119999999 41.8984375, -87.62712329999999 41.8955121, -87.6338976 41.8980507, -87.6384741 41.9020195, -87.642962 41.9074979, -87.63902 41.912654, -87.65130429999999 41.9214378, -87.63454259999999 41.9183507, -87.6297721 41.9228663, -87.61672689999999 41.8971752))"
17031080300,"[41.90749004203033, -87.63579864573282]",20.0,"POLYGON ((-87.6350669 41.9194824, -87.6297721 41.9228663, -87.61986870000001 41.9013942, -87.62516099999999 41.902686, -87.6289056 41.8984471, -87.6355748 41.8953745, -87.643294 41.898221, -87.6480162 41.9020771, -87.6514536 41.9076314, -87.6481079 41.912697, -87.65130429999999 41.9214378, -87.6433547 41.9165855, -87.6350669 41.9194824))"
17031160400,"[41.957365770741134, -87.72282385292091]",20.0,"POLYGON ((-87.72236699999999 41.972252, -87.71608599999999 41.966259, -87.7110462 41.9625874, -87.702271 41.957456, -87.708275 41.951363, -87.71455 41.94681, -87.72289909999999 41.9480328, -87.7298874 41.9481663, -87.7390994 41.9572726, -87.73674919999999 41.9633663, -87.73113789999999 41.9677151, -87.72236699999999 41.972252))"
17031160300,"[41.95726821106646, -87.73089578486685]",20.0,"POLYGON ((-87.7308249 41.9692496, -87.72369669999999 41.966477, -87.71869149999999 41.9628727, -87.710548 41.9570888, -87.7170757 41.9506881, -87.72251989999999 41.9468973, -87.73086790000001 41.9449701, -87.737661 41.948028, -87.74168399999999 41.952592, -87.7425389 41.957591, -87.74267309999999 41.9625978, -87.739008 41.967661, -87.7308249 41.9692496))"
17031160100,"[41.96462844441838, -87.74279509611468]",20.0,"POLYGON ((-87.742699 41.975126, -87.73472799999999 41.975008, -87.7302382 41.9698283, -87.726096 41.964617, -87.72894629999999 41.9586941, -87.73979 41.957284, -87.7426763 41.9584891, -87.7488261 41.9568282, -87.75362899999999 41.960139, -87.7549647 41.9642704, -87.75509049999999 41.9697702, -87.750698 41.9749679, -87.742699 41.975126))"
17031160200,"[41.95879377102393, -87.73839986242486]",20.0,"POLYGON ((-87.73020939999999 41.9691987, -87.72640050000001 41.9640528, -87.722517 41.959066, -87.726326 41.9535207, -87.73001699999999 41.9479797, -87.738006 41.946674, -87.7454803 41.9499871, -87.7485377 41.9544802, -87.7502853 41.9587134, -87.75069689999999 41.9639443, -87.7455183 41.9678809, -87.7389417 41.9708026, -87.73020939999999 41.9691987))"
17031221500,"[41.92164688912462, -87.68995134666956]",20.0,"POLYGON ((-87.6829424 41.9288426, -87.67943269999999 41.9264284, -87.67371899999999 41.9211979, -87.6758739 41.915707, -87.68193649999999 41.9110936, -87.68992419999999 41.9096718, -87.69771999999999 41.911103, -87.70146149999999 41.9163641, -87.70616590000002 41.9217545, -87.703993 41.927635, -87.6976188 41.932109, -87.6900266 41.9335142, -87.6829424 41.9288426))"
17031221400,"[41.920801313923455, -87.69453203932085]",20.0,"POLYGON ((-87.6864613 41.92671929999999, -87.68543079999999 41.9268119, -87.6784184 41.9209655, -87.6864571 41.9104294, -87.6942852 41.9086739, -87.70123319999999 41.9116335, -87.70654669999999 41.9154444, -87.71082419999999 41.92093089999999, -87.7083313 41.92664569999999, -87.702139 41.9307779, -87.6953441 41.9321282, -87.6864613 41.92671929999999))"
17031221300,"[41.921125677877974, -87.69975406080898]",20.0,"POLYGON ((-87.699744 41.93328, -87.693201 41.929872, -87.687178 41.9264265, -87.685706 41.9210272, -87.685643 41.91496799999999, -87.691766 41.910829, -87.7018782 41.9092331, -87.7068572 41.9119282, -87.71165240000001 41.9158262, -87.7158833 41.9207622, -87.7119122 41.9263397, -87.70779379999999 41.9314871, -87.699744 41.93328))"
17031160700,"[41.95041900059602, -87.70198329339269]",20.0,"POLYGON ((-87.70196199999999 41.9639162, -87.6983333 41.9576329, -87.6899346 41.9556473, -87.69358539999999 41.9501272, -87.690618 41.945431, -87.693921 41.939926, -87.70145869999999 41.938441, -87.70745699999999 41.9419276, -87.71357549999999 41.94462499999999, -87.721738 41.950358, -87.71418559999999 41.95565939999999, -87.7089673 41.9592219, -87.70196199999999 41.9639162))"
17031250800,"[41.90618551648635, -87.75147410937865]",20.0,"POLYGON ((-87.74520099999999 41.915658, -87.739549 41.911098, -87.7386126 41.9060749, -87.7390432 41.9013262, -87.744467 41.89664399999999, -87.75140259999999 41.8938126, -87.759732 41.895862, -87.7636294 41.9009109, -87.7685115 41.9061211, -87.76367169999999 41.9112166, -87.75739999999999 41.914055, -87.751824 41.917668, -87.74520099999999 41.915658))"
17031250700,"[41.90582067831859, -87.76081279593592]",20.0,"POLYGON ((-87.7604813 41.9151004, -87.7534428 41.9140604, -87.748586 41.910768, -87.7446302 41.9058468, -87.74837719999999 41.9004851, -87.75380380000001 41.8967641, -87.760879 41.890655, -87.7676615 41.896892, -87.77323699999999 41.900726, -87.78098890000001 41.9058067, -87.7727783 41.9111077, -87.7689314 41.9155439, -87.7604813 41.9151004))"
17031250600,"[41.90569348654269, -87.77063030977453]",20.0,"POLYGON ((-87.770026 41.916813, -87.76451089999999 41.9157265, -87.7579559 41.9110281, -87.75079799999999 41.9053483, -87.7581893 41.9003919, -87.76337459999999 41.8962994, -87.77052399999999 41.890397, -87.7776337 41.8964949, -87.7823092 41.9003806, -87.79070689999999 41.9056224, -87.7825971 41.9109913, -87.77698629999999 41.9129061, -87.770026 41.916813))"
17031251100,"[41.8986248201227, -87.75201116981329]",20.0,"POLYGON ((-87.7460004 41.9078004, -87.7396703 41.9043324, -87.7319375 41.8987122, -87.7394492 41.8914118, -87.74462799999999 41.889793, -87.75184899999999 41.886632, -87.75903 41.88969, -87.76455399999999 41.893191, -87.771947 41.898732, -87.76424449999999 41.9037519, -87.75900709999999 41.9076446, -87.75203789999999 41.9104702, -87.7460004 41.9078004))"
17031251000,"[41.89869451823607, -87.74489245114063]",20.0,"POLYGON ((-87.7396703 41.9043324, -87.7325721 41.9041726, -87.725298 41.89864, -87.73241399999999 41.894614, -87.73695280000001 41.8874214, -87.7448596 41.8867994, -87.7514972 41.8895244, -87.75711799999999 41.893303, -87.76484379999999 41.8987201, -87.7570166 41.90405459999999, -87.7516026 41.9077314, -87.74494179999999 41.9106997, -87.7396703 41.9043324))"
17031060800,"[41.953847883207416, -87.6437629954925]",20.0,"POLYGON ((-87.63559029999999 41.9646871, -87.63618389999999 41.9440556, -87.64373789999999 41.942549, -87.6507756 41.9451544, -87.65836419999999 41.9435601, -87.65836419999999 41.9435601, -87.65452879999999 41.949399, -87.65694239999999 41.9527977, -87.65593579999999 41.9591176, -87.6519794 41.9646451, -87.6533404 41.9665404, -87.6452608 41.9658751, -87.63559029999999 41.9646871))"
17031060100,"[41.95753112665426, -87.66661124673415]",20.0,"POLYGON ((-87.6647095 41.97039600000001, -87.6600519 41.966521, -87.65397419999999 41.96290260000001, -87.654207 41.95759, -87.65278219999999 41.9513257, -87.6584405 41.9468953, -87.6666625 41.945533, -87.67335039999999 41.9483591, -87.677397 41.952805, -87.68673609999999 41.9576891, -87.6790969 41.96263829999999, -87.673237 41.9668304, -87.6647095 41.97039600000001))"
17031060300,"[41.95060611600489, -87.67133166053571]",20.0,"POLYGON ((-87.6711547 41.96260059999999, -87.6645053 41.9580178, -87.65896529999999 41.9549524, -87.654788 41.9506439, -87.65876999999999 41.945465, -87.6638571 41.9415973, -87.6713087 41.9370877, -87.6787044 41.941497, -87.6836919 41.94511, -87.68958599999999 41.95011, -87.685254 41.9567089, -87.6794938 41.96127750000001, -87.6711547 41.96260059999999))"
17031051400,"[41.93574897323738, -87.68099047680538]",20.0,"POLYGON ((-87.6808264 41.9507837, -87.67410149999999 41.9444053, -87.6683424 41.9410941, -87.6642009 41.935414, -87.66673999999999 41.929968, -87.67306669999999 41.9252837, -87.68090749999999 41.9265348, -87.68751279999999 41.9281034, -87.6915169 41.9309196, -87.6930512 41.9357811, -87.695071 41.941297, -87.68911009999999 41.94674029999999, -87.6808264 41.9507837))"
17031160800,"[41.95021313363227, -87.71281457813437]",20.0,"POLYGON ((-87.7126476 41.9652874, -87.70546499999999 41.9592633, -87.70103809999999 41.9554197, -87.696209 41.9500249, -87.6963605 41.9436909, -87.70465290000001 41.939611, -87.71280399999999 41.938303, -87.7183199 41.9423273, -87.72503709999999 41.9451084, -87.7260888 41.9500572, -87.7273419 41.955951, -87.720805 41.960536, -87.7126476 41.9652874))"
17031161100,"[41.94988008664693, -87.73815501478998]",20.0,"POLYGON ((-87.73795699999999 41.96461, -87.73121999999999 41.958855, -87.7260941 41.95518029999999, -87.72214869999999 41.9499346, -87.724504 41.9434479, -87.729984 41.939569, -87.73790319999999 41.9378339, -87.74364899999999 41.9417789, -87.7480719 41.945505, -87.7543744 41.9495245, -87.752185 41.9551879, -87.74639200000001 41.96000000000001, -87.73795699999999 41.96461))"
17031161300,"[41.942699463872245, -87.73100232304549]",20.0,"POLYGON ((-87.7260888 41.9500572, -87.72175109999999 41.9493237, -87.7166276 41.9366366, -87.722841 41.932122, -87.73197500000001 41.932769, -87.7382039 41.933718, -87.74340339999999 41.9373608, -87.74915299999999 41.9426434, -87.745565 41.949145, -87.7389417 41.9529565, -87.73124810000002 41.9548959, -87.7260888 41.9500572))"
17031161200,"[41.94254895539454, -87.73857007450486]",20.0,"POLYGON ((-87.73836469999999 41.9545713, -87.73156039999999 41.9517076, -87.72643889999999 41.9477929, -87.722038 41.942684, -87.7244269 41.9363806, -87.7307287 41.9333356, -87.7368156 41.9306624, -87.7454075 41.9333675, -87.7507873 41.9376601, -87.75874669999999 41.9421141, -87.7508258 41.9477296, -87.7465904 41.9529679, -87.73836469999999 41.9545713))"
17031161000,"[41.949976700477364, -87.73068292664598]",20.0,"POLYGON ((-87.7245798 41.957781, -87.72030169999999 41.9541571, -87.71437399999999 41.950021, -87.71793509999999 41.9441397, -87.723519 41.9405616, -87.73058449999999 41.9379069, -87.737949 41.94091, -87.7427883 41.9447189, -87.74658629999999 41.9497768, -87.7451456 41.95631480000001, -87.73809919999999 41.9601678, -87.7309401 41.961801, -87.7245798 41.957781))"
17031242100,"[41.899669893791845, -87.66983746673405]",20.0,"POLYGON ((-87.669803 41.911679, -87.663551 41.908252, -87.65908229999999 41.9041577, -87.65240299999999 41.899247, -87.65745439999999 41.8944109, -87.66722089999999 41.8905734, -87.6692343 41.8844984, -87.67689439999999 41.8904018, -87.6821707 41.8944948, -87.688076 41.900014, -87.6820166 41.9047232, -87.677893 41.910276, -87.669803 41.911679))"
17031221600,"[41.92124557289179, -87.6850980023222]",20.0,"POLYGON ((-87.68090749999999 41.9265348, -87.67552669999999 41.925495, -87.66905509999999 41.9207156, -87.6728689 41.91626, -87.6771169 41.9108854, -87.685108 41.909294, -87.6924621 41.9121887, -87.6973763 41.9160889, -87.69921500000001 41.920928, -87.69711799999999 41.926512, -87.69276839999999 41.9316582, -87.6854913 41.9333396, -87.68090749999999 41.9265348))"
17031170100,"[41.95585951081224, -87.79481667801551]",20.0,"POLYGON ((-87.7867435 41.9651743, -87.78100259999999 41.961866, -87.7813989 41.955816, -87.78385139999999 41.9513571, -87.7863349 41.9474852, -87.79445079999999 41.9438101, -87.80181020000001 41.9467246, -87.80684749999999 41.9504988, -87.80653939999999 41.9558524, -87.80574419999999 41.9603656, -87.801671 41.963731, -87.7976772 41.9647105, -87.7867435 41.9651743))"
17031160900,"[41.950082087110005, -87.72260823638308]",20.0,"POLYGON ((-87.7153567 41.9590341, -87.7102764 41.9552166, -87.70240819999999 41.950296, -87.70876969999999 41.9441089, -87.7167613 41.9423932, -87.7226682 41.9424908, -87.727649 41.9436899, -87.7314136 41.9460951, -87.736403 41.9500801, -87.736858 41.955931, -87.731544 41.960483, -87.7232454 41.9651131, -87.7153567 41.9590341))"
17031242000,"[41.89973715025452, -87.66495365214338]",20.0,"POLYGON ((-87.65852369999999 41.9071203, -87.65416879999999 41.9035503, -87.65220599999999 41.899597, -87.650114 41.8938555, -87.6579203 41.8893725, -87.6648979 41.887666, -87.6719952 41.8905275, -87.67726499999999 41.894592, -87.6848 41.899578, -87.67671679999999 41.9050055, -87.6727822 41.9099136, -87.66547179999999 41.9100857, -87.65852369999999 41.9071203))"
17031251200,"[41.898549096157666, -87.76060396048081]",20.0,"POLYGON ((-87.75345059999999 41.9077125, -87.7484309 41.90369, -87.740042 41.8990646, -87.7481897 41.8931473, -87.75355979999999 41.8893122, -87.760623 41.8835229, -87.76772149999999 41.8892605, -87.77292159999999 41.8935708, -87.78092389999999 41.8982703, -87.77238919999999 41.90385020000001, -87.76767169999999 41.9075435, -87.7610055 41.91204949999999, -87.75345059999999 41.9077125))"
17031251300,"[41.89842510301875, -87.77038492958134]",20.0,"POLYGON ((-87.77013400000001 41.9115396, -87.76273879999999 41.9076102, -87.757947 41.903916, -87.75045639999999 41.8983858, -87.7581613 41.8932051, -87.7636102 41.8895344, -87.7695878 41.8833119, -87.7778129 41.8892084, -87.78240389999999 41.8931331, -87.790488 41.8981383, -87.7830489 41.9036018, -87.77732639999999 41.9077262, -87.77013400000001 41.9115396))"
17031051300,"[41.93599612630928, -87.67584025533513]",20.0,"POLYGON ((-87.6684118 41.9450297, -87.6635266 41.9411901, -87.65564999999999 41.935995, -87.6632183 41.9307879, -87.66794829999999 41.9255339, -87.6763488 41.9239959, -87.68130409999999 41.928323, -87.68624199999999 41.9315964, -87.6890832 41.9353737, -87.68981909999999 41.9420128, -87.6824403 41.9448638, -87.67610209999999 41.9510076, -87.6684118 41.9450297))"
17031600700,"[41.84069281289374, -87.66067545519694]",20.0,"POLYGON ((-87.66043789999999 41.852425, -87.650046 41.850687, -87.6466767 41.84657660000001, -87.6452858 41.8406663, -87.6467198 41.8349071, -87.6524215 41.8307118, -87.66028 41.8321779, -87.66867200000002 41.830196, -87.675005 41.834355, -87.67327539999999 41.8390426, -87.66943359999999 41.8437753, -87.66591179999999 41.846645, -87.66043789999999 41.852425))"
17031600900,"[41.83651281500486, -87.6531432515992]",20.0,"POLYGON ((-87.64659929999999 41.8445016, -87.6407449 41.8416025, -87.6363147 41.8363424, -87.6409721 41.8312689, -87.646429 41.827506, -87.65359099999999 41.82546, -87.65933079999999 41.826911, -87.6628764 41.832375, -87.665623 41.8365081, -87.6657575 41.842111, -87.66141999999999 41.848242, -87.6531873 41.84564049999999, -87.64659929999999 41.8445016))"
17031672000,"[41.7611983245043, -87.67112812678795]",20.0,"POLYGON ((-87.66428399999999 41.770179, -87.659358 41.766511, -87.650722 41.761209, -87.65988899999999 41.75682399999999, -87.66441279999999 41.7534516, -87.67157429999999 41.748917, -87.67675899999999 41.7524158, -87.6808058 41.7581612, -87.67972999999999 41.76130999999999, -87.68368 41.766384, -87.6781436 41.7702059, -87.6716651 41.7762975, -87.66428399999999 41.770179))"
